https://loopdash.com/documents/,https://loopdash.com/blog/,301,,,
https://loopdash.com/documents/does-my-site-need-an-ssl/,https://loopdash.com/blog/does-my-site-need-an-ssl/,301,,,
https://loopdash.com/documents/how-to-delegate-access-to-godaddy/,https://loopdash.com/blog/how-to-delegate-access-to-godaddy/,301,,,
https://loopdash.com/documents/wordpress-vs-squarespace/,https://loopdash.com/blog/wordpress-vs-squarespace/,301,,,
https://loopdash.com/glossary/wordpress-vs-squarespace/,https://loopdash.com/blog/wordpress-vs-squarespace/,301,,,
https://loopdash.com/projects/novak-insurance/,https://loopdash.com/projects/,301,,,
https://loopdash.com/projects/cozen/,https://loopdash.com/projects/,301,,,
https://loopdash.com/projects/accrue-savings/,https://loopdash.com/projects/,301,,,
https://loopdash.com/projects/vesey-ventures/,https://loopdash.com/projects/,301,,,
https://loopdash.com/projects/pod3-strategies/,https://loopdash.com/projects/,301,,,
https://loopdash.com/contact-us/,https://loopdash.com/contact/,301,,,
